t,cam,fps,bad_frames,kills,respawns,alive
1789801340,1,0.0,0,4,3,False
1789801340,2,0.0,0,3,3,True
1789801345,1,0.0,0,5,4,False
1789801345,2,0.0,0,4,4,True
1789801350,1,0.0,0,5,4,False
1789801350,2,0.0,0,5,4,False
1789801355,1,1.8,0,5,5,True
1789801355,2,0.0,0,6,5,False
1789801360,1,15.2,0,5,5,True
1789801360,2,0.0,0,6,5,False
1789801366,1,15.2,0,5,5,True
1789801366,2,0.0,0,7,6,False
1789801371,1,15.2,0,5,5,True
1789801371,2,0.0,0,7,6,False
1789801376,1,15.0,0,5,5,True
1789801376,2,0.0,0,8,7,False
1789801381,1,15.2,0,5,5,True
1789801381,2,0.0,0,8,7,False
1789801386,1,15.2,0,5,5,True
1789801386,2,0.0,0,9,8,False
1789801391,1,15.2,0,5,5,True
1789801391,2,0.0,0,9,9,True
1789801396,1,15.0,0,5,5,True
1789801396,2,0.0,0,9,9,False
1789801401,1,15.2,0,5,5,True
1789801401,2,0.0,0,10,10,False
1789801406,1,15.2,0,5,5,True
1789801406,2,0.0,0,10,10,False
1789801411,1,15.0,0,5,5,True
1789801411,2,0.0,0,11,11,False
1789801416,1,15.2,0,5,5,True
1789801416,2,0.0,0,11,11,False
1789801421,1,15.2,0,5,5,True
1789801421,2,0.0,0,12,12,False
1789801426,1,15.2,0,5,5,True
1789801426,2,0.0,0,12,13,True
1789801431,1,15.2,0,5,5,True
1789801431,2,0.0,0,12,13,False
1789801436,1,15.0,0,5,5,True
1789801436,2,0.0,0,12,14,False
1789801441,1,15.2,0,5,5,True
1789801441,2,0.0,0,12,14,False
1789801446,1,15.2,0,5,5,True
1789801446,2,0.0,0,13,15,False
1789801451,1,15.2,0,5,5,True
1789801451,2,0.0,0,13,15,False
1789801456,1,15.0,0,5,5,True
1789801456,2,0.0,0,14,16,False
1789801461,1,15.2,0,5,5,True
1789801461,2,0.0,0,14,17,True
1789801466,1,15.2,0,5,5,True
1789801466,2,0.0,0,15,17,False
1789801471,1,15.0,0,5,5,True
1789801471,2,0.0,0,16,18,False
1789801476,1,15.2,0,5,5,True
1789801476,2,0.0,0,16,18,False
1789801481,1,15.0,0,5,5,True
1789801481,2,0.0,0,17,19,False
1789801486,1,15.2,0,5,5,True
1789801486,2,0.0,0,17,19,False
1789801491,1,15.2,0,5,5,True
1789801491,2,0.0,0,18,20,False
1789801496,1,15.2,0,5,5,True
1789801496,2,0.0,0,18,20,False
1789801501,1,15.0,0,5,5,True
1789801501,2,0.0,0,19,21,False
1789801506,1,15.2,0,5,5,True
1789801506,2,0.0,0,19,22,True
1789801511,1,15.2,0,5,5,True
1789801511,2,0.0,0,20,22,False
1789801516,1,15.2,0,5,5,True
1789801516,2,0.0,0,21,23,False
1789801521,1,15.0,0,5,5,True
1789801521,2,0.0,0,21,23,False
1789801526,1,15.4,0,5,5,True
1789801526,2,0.0,0,22,24,False
1789801531,1,15.2,0,5,5,True
1789801531,2,0.0,0,22,24,False
1789801536,1,15.2,0,5,5,True
1789801536,2,0.0,0,23,25,False
1789801541,1,15.2,0,5,5,True
1789801541,2,0.0,0,23,26,True
1789801546,1,15.2,0,5,5,True
1789801546,2,0.0,0,24,26,False
1789801551,1,15.2,0,5,5,True
1789801551,2,0.0,0,25,27,False
1789801556,1,15.2,0,5,5,True
1789801556,2,0.0,0,25,27,False
1789801561,1,15.2,0,5,5,True
1789801561,2,0.0,0,26,28,False
1789801566,1,15.2,0,5,5,True
1789801566,2,0.0,0,26,28,False
1789801572,1,15.2,0,5,5,True
1789801572,2,0.0,0,27,29,False
1789801577,1,15.2,0,5,5,True
1789801577,2,0.0,0,27,30,True
1789801582,1,15.4,0,5,5,True
1789801582,2,0.0,0,28,30,False
1789801587,1,15.0,0,5,5,True
1789801587,2,0.0,0,29,31,False
1789801592,1,15.2,0,5,5,True
1789801592,2,0.0,0,29,31,False
1789801597,1,15.2,0,5,5,True
1789801597,2,0.0,0,29,32,False
1789801602,1,15.2,0,5,5,True
1789801602,2,0.0,0,29,32,False
1789801607,1,15.2,0,5,5,True
1789801607,2,0.0,0,30,33,False
1789801612,1,15.2,0,5,5,True
1789801612,2,0.0,0,30,34,True
1789801617,1,15.2,0,5,5,True
1789801617,2,0.0,0,30,34,False
1789801622,1,15.0,0,5,5,True
1789801622,2,0.0,0,30,35,False
1789801627,1,15.4,0,5,5,True
1789801627,2,0.0,0,30,35,False
1789801632,1,15.2,0,5,5,True
1789801632,2,0.0,0,31,36,False
1789801637,1,15.2,0,5,5,True
1789801637,2,0.0,0,31,36,False
1789801642,1,15.0,0,5,5,True
1789801642,2,0.0,0,32,37,False
1789801647,1,20.4,0,5,5,True
1789801647,2,0.0,0,32,37,False
1789801652,1,30.2,0,5,5,True
1789801652,2,0.0,0,33,38,False
1789801657,1,30.0,0,5,5,True
1789801657,2,0.0,0,33,38,False
1789801662,1,30.2,0,5,5,True
1789801662,2,0.0,0,34,39,False
1789801667,1,30.2,0,5,5,True
1789801667,2,0.0,0,34,40,True
1789801672,1,30.2,0,5,5,True
1789801672,2,0.0,0,35,40,False
1789801677,1,30.4,0,5,5,True
1789801677,2,0.0,0,36,41,False
1789801682,1,30.2,0,5,5,True
1789801682,2,0.0,0,36,41,False
1789801687,1,29.8,0,5,5,True
1789801687,2,0.0,0,36,42,False
1789801692,1,30.6,0,5,5,True
1789801692,2,0.0,0,36,42,False
1789801697,1,30.4,0,5,5,True
1789801697,2,0.0,0,37,43,False
1789801702,1,30.0,0,5,5,True
1789801702,2,0.0,0,37,43,False
1789801707,1,30.6,0,5,5,True
1789801707,2,0.0,0,38,44,False
1789801712,1,30.4,0,5,5,True
1789801712,2,0.0,0,38,45,True
1789801717,1,30.4,0,5,5,True
1789801717,2,0.0,0,39,45,False
1789801722,1,30.2,0,5,5,True
1789801722,2,0.0,0,39,46,False
1789801727,1,30.4,0,5,5,True
1789801727,2,0.0,0,39,46,False
1789801733,1,30.0,0,5,5,True
1789801733,2,0.0,0,40,47,False
1789801738,1,30.4,0,5,5,True
1789801738,2,0.0,0,40,47,False
1789801743,1,30.4,0,5,5,True
1789801743,2,0.0,0,41,48,False
1789801748,1,30.0,0,5,5,True
1789801748,2,0.0,0,41,48,False
1789801753,1,29.8,0,5,5,True
1789801753,2,0.0,0,42,49,False
1789801758,1,30.2,0,5,5,True
1789801758,2,0.0,0,42,50,True
1789801763,1,30.4,0,5,5,True
1789801763,2,0.0,0,43,50,False
1789801768,1,30.4,0,5,5,True
1789801768,2,0.0,0,43,51,False
1789801773,1,30.4,0,5,5,True
1789801773,2,0.0,0,43,51,False
1789801778,1,30.2,0,5,5,True
1789801778,2,0.0,0,44,52,False
1789801783,1,30.8,0,5,5,True
1789801783,2,0.0,0,44,52,False
1789801788,1,29.4,0,5,5,True
1789801788,2,0.0,0,45,53,False
1789801793,1,30.4,0,5,5,True
1789801793,2,0.0,0,45,53,False
1789801798,1,30.0,0,5,5,True
1789801798,2,0.0,0,46,54,False
1789801803,1,30.6,0,5,5,True
1789801803,2,0.0,0,46,54,False
1789801808,1,30.2,0,5,5,True
1789801808,2,0.0,0,47,55,False
1789801813,1,30.0,0,5,5,True
1789801813,2,0.0,0,47,55,False
1789801818,1,29.8,0,5,5,True
1789801818,2,0.0,0,47,56,False
1789801823,1,30.4,0,5,5,True
1789801823,2,0.0,0,47,57,True
1789801828,1,30.4,0,5,5,True
1789801828,2,0.0,0,47,57,False
1789801833,1,29.2,0,5,5,True
1789801833,2,0.0,0,48,58,False
1789801838,1,30.4,0,5,5,True
1789801838,2,0.0,0,48,58,False
1789801843,1,30.4,0,5,5,True
1789801843,2,0.0,0,48,59,False
1789801848,1,30.4,0,5,5,True
1789801848,2,0.0,0,48,59,False
1789801853,1,30.4,0,5,5,True
1789801853,2,0.0,0,49,60,False
1789801858,1,30.0,0,5,5,True
1789801858,2,0.0,0,49,60,False
1789801863,1,30.4,0,5,5,True
1789801863,2,0.0,0,49,61,False
1789801868,1,30.2,0,5,5,True
1789801868,2,0.0,0,49,62,True
1789801873,1,30.0,0,5,5,True
1789801873,2,0.0,0,50,62,False
1789801878,1,30.4,0,5,5,True
1789801878,2,0.0,0,50,63,True
1789801883,1,30.6,0,5,5,True
1789801883,2,0.0,0,51,63,False
1789801888,1,30.2,0,5,5,True
1789801888,2,0.0,0,52,64,False
1789801893,1,30.6,0,5,5,True
1789801893,2,0.0,0,52,64,False
1789801899,1,30.4,0,5,5,True
1789801899,2,0.0,0,53,65,False
1789801904,1,30.4,0,5,5,True
1789801904,2,0.0,0,53,65,False
1789801909,1,30.2,0,5,5,True
1789801909,2,0.0,0,54,66,False
1789801914,1,30.4,0,5,5,True
1789801914,2,0.0,0,54,66,False
1789801919,1,30.2,0,5,5,True
1789801919,2,0.0,0,54,67,False
1789801924,1,30.4,0,5,5,True
1789801924,2,0.0,0,55,68,False
1789801929,1,29.8,0,5,5,True
1789801929,2,0.0,0,55,68,False
1789801934,1,30.4,0,5,5,True
1789801934,2,0.0,0,55,69,False
1789801939,1,30.4,0,5,5,True
1789801939,2,0.0,0,55,69,False
1789801944,1,30.2,0,5,5,True
1789801944,2,0.0,0,56,70,False
1789801949,1,30.2,0,5,5,True
1789801949,2,0.0,0,56,70,False
1789801954,1,30.0,0,5,5,True
1789801954,2,0.0,0,57,71,False
1789801959,1,30.6,0,5,5,True
1789801959,2,0.0,0,57,72,True
1789801964,1,30.0,0,5,5,True
1789801964,2,0.0,0,58,72,False
1789801969,1,30.6,0,5,5,True
1789801969,2,0.0,0,59,73,False
1789801974,1,30.2,0,5,5,True
1789801974,2,0.0,0,59,73,False
1789801979,1,30.4,0,5,5,True
1789801979,2,0.0,0,60,74,False
1789801984,1,30.2,0,5,5,True
1789801984,2,0.0,0,60,74,False
1789801989,1,30.2,0,5,5,True
1789801989,2,0.0,0,60,75,False
1789801994,1,30.2,0,5,5,True
1789801994,2,0.0,0,60,75,False
1789801999,1,30.4,0,5,5,True
1789801999,2,0.0,0,60,76,False
1789802004,1,30.6,0,5,5,True
1789802004,2,0.0,0,60,77,True
1789802009,1,30.4,0,5,5,True
1789802009,2,0.0,0,61,77,False
1789802014,1,30.0,0,5,5,True
1789802014,2,0.0,0,62,78,False
1789802019,1,30.4,0,5,5,True
1789802019,2,0.0,0,62,78,False
1789802024,1,30.0,0,5,5,True
1789802024,2,0.0,0,62,79,False
1789802029,1,30.6,0,5,5,True
1789802029,2,0.0,0,62,79,False
1789802034,1,30.4,0,5,5,True
1789802034,2,0.0,0,63,80,False
1789802039,1,30.2,0,5,5,True
1789802039,2,0.0,0,63,80,False
1789802044,1,30.4,0,5,5,True
1789802044,2,0.0,0,63,81,False
1789802049,1,30.4,0,5,5,True
1789802049,2,0.0,0,64,82,False
1789802054,1,30.2,0,5,5,True
1789802054,2,0.0,0,64,82,False
1789802059,1,30.2,0,5,5,True
1789802059,2,0.0,0,64,83,False
1789802064,1,30.2,0,5,5,True
1789802064,2,0.0,0,64,83,False
1789802069,1,30.2,0,5,5,True
1789802069,2,0.0,0,64,84,False
1789802074,1,30.6,0,5,5,True
1789802074,2,0.0,0,64,84,False
1789802079,1,30.4,0,5,5,True
1789802079,2,0.0,0,64,85,False
1789802084,1,30.2,0,5,5,True
1789802084,2,0.0,0,64,86,False
1789802089,1,30.4,0,5,5,True
1789802090,2,0.0,0,64,86,False
1789802095,1,30.4,0,5,5,True
1789802095,2,0.0,0,64,87,False
1789802100,1,30.2,0,5,5,True
1789802100,2,0.0,0,64,87,False
1789802105,1,30.4,0,5,5,True
1789802105,2,0.0,0,65,88,False
1789802110,1,30.2,0,5,5,True
1789802110,2,0.0,0,65,88,False
1789802115,1,30.2,0,5,5,True
1789802115,2,0.0,0,65,89,False
1789802120,1,30.4,0,5,5,True
1789802120,2,0.0,0,65,90,False
1789802125,1,30.6,0,5,5,True
1789802125,2,0.0,0,65,90,False
1789802130,1,30.2,0,5,5,True
1789802130,2,0.0,0,66,91,False
1789802135,1,30.2,0,5,5,True
1789802135,2,0.0,0,66,91,False
1789802140,1,30.2,0,5,5,True
1789802140,2,0.0,0,66,92,False
1789802145,1,30.4,0,5,5,True
1789802145,2,0.0,0,66,92,False
1789802150,1,30.4,0,5,5,True
1789802150,2,0.0,0,67,93,False
1789802155,1,30.4,0,5,5,True
1789802155,2,0.0,0,68,94,False
1789802160,1,28.0,0,5,5,True
1789802160,2,0.0,0,68,94,False
1789802165,1,16.2,0,5,5,True
1789802165,2,0.0,0,69,95,False
1789802170,1,15.2,0,5,5,True
1789802170,2,0.0,0,69,95,False
1789802175,1,15.2,0,5,5,True
1789802175,2,0.0,0,70,96,False
1789802180,1,15.2,0,5,5,True
1789802180,2,0.0,0,70,96,False
1789802185,1,15.2,0,5,5,True
1789802185,2,0.0,0,71,97,False
1789802190,1,15.0,0,5,5,True
1789802190,2,0.0,0,71,98,True
1789802195,1,15.2,0,5,5,True
1789802195,2,0.0,0,72,98,False
1789802200,1,15.2,0,5,5,True
1789802200,2,0.0,0,73,99,False
1789802205,1,15.2,0,5,5,True
1789802205,2,0.0,0,73,99,False
1789802210,1,15.2,0,5,5,True
1789802210,2,0.0,0,74,100,False
1789802215,1,15.2,0,5,5,True
1789802215,2,0.0,0,74,100,False
1789802220,1,15.2,0,5,5,True
1789802220,2,0.0,0,75,101,False
1789802225,1,15.2,0,5,5,True
1789802225,2,0.0,0,75,101,False
1789802230,1,15.2,0,5,5,True
1789802230,2,0.0,0,76,102,False
1789802235,1,15.2,0,5,5,True
1789802235,2,0.0,0,76,102,False
1789802240,1,15.2,0,5,5,True
1789802240,2,0.0,0,77,103,False
1789802245,1,15.2,0,5,5,True
1789802245,2,0.0,0,77,104,True
1789802250,1,15.2,0,5,5,True
1789802250,2,0.0,0,78,104,False
1789802255,1,15.2,0,5,5,True
1789802255,2,0.0,0,78,105,False
1789802261,1,15.2,0,5,5,True
1789802261,2,0.0,0,78,105,False
1789802266,1,15.2,0,5,5,True
1789802266,2,0.0,0,78,106,False
1789802271,1,15.2,0,5,5,True
1789802271,2,0.0,0,78,106,False
1789802276,1,15.0,0,5,5,True
1789802276,2,0.0,0,79,107,False
1789802281,1,15.2,0,5,5,True
1789802281,2,0.0,0,79,108,True
1789802286,1,15.0,0,5,5,True
1789802286,2,0.0,0,80,108,False
1789802291,1,15.0,0,5,5,True
1789802291,2,0.0,0,80,109,True
1789802296,1,16.0,0,5,5,True
1789802296,2,0.0,0,81,109,False
1789802301,1,15.2,0,5,5,True
1789802301,2,0.0,0,82,110,False
1789802306,1,15.2,0,5,5,True
1789802306,2,0.0,0,82,110,False
1789802311,1,15.2,0,5,5,True
1789802311,2,0.0,0,82,111,False
1789802316,1,15.2,0,5,5,True
1789802316,2,0.0,0,82,111,False
1789802321,1,15.2,0,5,5,True
1789802321,2,0.0,0,83,112,False
1789802326,1,15.2,0,5,5,True
1789802326,2,0.0,0,83,112,False
1789802331,1,15.2,0,5,5,True
1789802331,2,0.0,0,84,113,False
1789802336,1,14.8,0,5,5,True
1789802336,2,0.0,0,84,114,True
1789802341,1,15.6,0,5,5,True
1789802341,2,0.0,0,85,114,False
1789802346,1,15.2,0,5,5,True
1789802346,2,0.0,0,85,115,False
1789802351,1,15.2,0,5,5,True
1789802351,2,0.0,0,85,115,False
1789802356,1,15.4,0,5,5,True
1789802356,2,0.0,0,86,116,False
1789802361,1,15.2,0,5,5,True
1789802361,2,0.0,0,86,116,False
1789802366,1,15.0,0,5,5,True
1789802366,2,0.0,0,87,117,False
1789802371,1,15.2,0,5,5,True
1789802371,2,0.0,0,87,118,True
1789802376,1,15.2,0,5,5,True
1789802376,2,0.0,0,88,118,False
1789802382,1,15.2,0,5,5,True
1789802382,2,0.0,0,89,119,False
1789802387,1,15.2,0,5,5,True
1789802387,2,0.0,0,89,119,False
1789802392,1,15.0,0,5,5,True
1789802392,2,0.0,0,89,120,False
1789802397,1,15.2,0,5,5,True
1789802397,2,0.0,0,89,120,False
1789802402,1,15.2,0,5,5,True
1789802402,2,0.0,0,90,121,False
1789802407,1,15.2,0,5,5,True
1789802407,2,0.0,0,90,121,False
1789802412,1,15.2,0,5,5,True
1789802412,2,0.0,0,90,122,False
1789802417,1,15.2,0,5,5,True
1789802417,2,0.0,0,90,123,True
1789802422,1,15.2,0,5,5,True
1789802422,2,0.0,0,91,123,False
1789802427,1,15.0,0,5,5,True
1789802427,2,0.0,0,91,124,True
1789802432,1,15.2,0,5,5,True
1789802432,2,0.0,0,92,124,False
1789802437,1,15.2,0,5,5,True
1789802437,2,0.0,0,93,125,False
1789802442,1,15.2,0,5,5,True
1789802442,2,0.0,0,93,125,False
1789802447,1,15.2,0,5,5,True
1789802447,2,0.0,0,94,126,False
1789802452,1,15.2,0,5,5,True
1789802452,2,0.0,0,94,126,False
1789802457,1,15.2,0,5,5,True
1789802457,2,0.0,0,95,127,False
1789802462,1,15.0,0,5,5,True
1789802462,2,0.0,0,95,128,True
1789802467,1,15.0,0,5,5,True
1789802467,2,0.0,0,96,128,False
1789802472,1,15.4,0,5,5,True
1789802472,2,0.0,0,96,129,True
1789802477,1,15.2,0,5,5,True
1789802477,2,0.0,0,97,129,False
1789802482,1,15.4,0,5,5,True
1789802482,2,0.0,0,98,130,False
1789802487,1,15.2,0,5,5,True
1789802487,2,0.0,0,98,130,False
1789802492,1,15.2,0,5,5,True
1789802492,2,0.0,0,99,131,False
1789802497,1,15.0,0,5,5,True
1789802497,2,0.0,0,99,131,False
1789802502,1,15.2,0,5,5,True
1789802502,2,0.0,0,99,132,False
1789802507,1,15.4,0,5,5,True
1789802507,2,0.0,0,99,132,False
1789802512,1,15.2,0,5,5,True
1789802512,2,0.0,0,100,133,False
1789802517,1,15.2,0,5,5,True
1789802517,2,0.0,0,100,133,False
1789802522,1,15.0,0,5,5,True
1789802522,2,0.0,0,101,134,False
1789802527,1,15.2,0,5,5,True
1789802527,2,0.0,0,101,135,True
1789802532,1,15.2,0,5,5,True
1789802532,2,0.0,0,102,135,False
1789802537,1,15.2,0,5,5,True
1789802537,2,0.0,0,102,136,False
1789802542,1,15.2,0,5,5,True
1789802542,2,0.0,0,102,136,False
1789802547,1,15.2,0,5,5,True
1789802547,2,0.0,0,102,137,False
1789802553,1,15.2,0,5,5,True
1789802553,2,0.0,0,102,137,False
1789802558,1,15.2,0,5,5,True
1789802558,2,0.0,0,103,138,False
1789802563,1,15.0,0,5,5,True
1789802563,2,0.0,0,103,139,True
1789802568,1,15.2,0,5,5,True
1789802568,2,0.0,0,104,139,False
1789802573,1,15.0,0,5,5,True
1789802573,2,0.0,0,104,140,True
1789802578,1,15.2,0,5,5,True
1789802578,2,0.0,0,105,140,False
1789802583,1,15.2,0,5,5,True
1789802583,2,0.0,0,105,140,False
1789802588,1,15.2,0,5,5,True
1789802588,2,0.0,0,106,141,False
1789802593,1,15.2,0,5,5,True
1789802593,2,0.0,0,106,141,False
1789802598,1,15.2,0,5,5,True
1789802598,2,0.0,0,107,142,False
1789802603,1,15.2,0,5,5,True
1789802603,2,0.0,0,107,143,True
1789802608,1,15.2,0,5,5,True
1789802608,2,0.0,0,108,143,False
1789802613,1,15.2,0,5,5,True
1789802613,2,0.0,0,108,144,False
1789802618,1,15.2,0,5,5,True
1789802618,2,0.0,0,108,144,False
1789802623,1,15.0,0,5,5,True
1789802623,2,0.0,0,109,145,False
1789802628,1,15.2,0,5,5,True
1789802628,2,0.0,0,109,145,False
1789802633,1,15.2,0,5,5,True
1789802633,2,0.0,0,110,146,False
1789802638,1,15.2,0,5,5,True
1789802638,2,0.0,0,110,146,False
1789802643,1,15.0,0,5,5,True
1789802643,2,0.0,0,111,147,False
1789802648,1,15.2,0,5,5,True
1789802648,2,0.0,0,111,147,False
1789802653,1,15.2,0,5,5,True
1789802653,2,0.0,0,111,148,False
1789802658,1,15.2,0,5,5,True
1789802658,2,0.0,0,111,148,False
1789802663,1,15.0,0,5,5,True
1789802663,2,0.0,0,112,149,False
1789802668,1,15.2,0,5,5,True
1789802668,2,0.0,0,112,150,True
1789802673,1,15.2,0,5,5,True
1789802673,2,0.0,0,113,150,False
1789802678,1,15.2,0,5,5,True
1789802678,2,0.0,0,114,151,False
1789802683,1,15.2,0,5,5,True
1789802683,2,0.0,0,114,151,False
1789802688,1,15.0,0,5,5,True
1789802688,2,0.0,0,114,152,False
1789802693,1,15.2,0,5,5,True
1789802693,2,0.0,0,114,152,False
1789802698,1,15.2,0,5,5,True
1789802698,2,0.0,0,115,153,False
1789802703,1,15.2,0,5,5,True
1789802703,2,0.0,0,115,153,False
1789802708,1,15.2,0,5,5,True
1789802708,2,0.0,0,116,154,False
1789802713,1,15.2,0,5,5,True
1789802713,2,0.0,0,116,155,True
1789802718,1,15.0,0,5,5,True
1789802718,2,0.0,0,117,155,False
1789802723,1,15.4,0,5,5,True
1789802723,2,0.0,0,117,156,False
1789802728,1,15.2,0,5,5,True
1789802728,2,0.0,0,117,156,False
1789802734,1,14.2,0,5,5,True
1789802734,2,0.0,0,117,157,True
1789802739,1,15.8,0,5,5,True
1789802739,2,0.0,0,118,157,False
1789802744,1,15.2,0,5,5,True
1789802744,2,0.0,0,118,158,True
1789802749,1,15.2,0,5,5,True
1789802749,2,0.0,0,118,158,False
1789802754,1,15.2,0,5,5,True
1789802754,2,0.0,0,118,159,False
1789802759,1,15.2,0,5,5,True
1789802759,2,0.0,0,118,159,False
1789802764,1,15.2,0,5,5,True
1789802764,2,0.0,0,119,160,False
1789802769,1,15.2,0,5,5,True
1789802769,2,0.0,0,119,160,False
1789802774,1,15.2,0,5,5,True
1789802774,2,0.0,0,119,161,False
1789802779,1,15.2,0,5,5,True
1789802779,2,0.0,0,119,161,False
1789802784,1,15.2,0,5,5,True
1789802784,2,0.0,0,120,162,False
1789802789,1,15.2,0,5,5,True
1789802789,2,0.0,0,120,163,True
1789802794,1,15.2,0,5,5,True
1789802794,2,0.0,0,121,163,False
1789802799,1,15.2,0,5,5,True
1789802799,2,0.0,0,121,164,False
1789802804,1,15.2,0,5,5,True
1789802804,2,0.0,0,121,164,False
1789802809,1,15.2,0,5,5,True
1789802809,2,0.0,0,122,165,False
1789802814,1,15.2,0,5,5,True
1789802814,2,0.0,0,122,165,False
1789802819,1,15.2,0,5,5,True
1789802819,2,0.0,0,122,166,False
1789802824,1,15.2,0,5,5,True
1789802824,2,0.0,0,122,167,True
1789802829,1,15.2,0,5,5,True
1789802829,2,0.0,0,122,167,False
1789802834,1,15.2,0,5,5,True
1789802834,2,0.0,0,123,168,False
1789802839,1,15.4,0,5,5,True
1789802839,2,0.0,0,123,168,False
1789802844,1,15.2,0,5,5,True
1789802844,2,0.0,0,124,169,False
1789802849,1,15.2,0,5,5,True
1789802849,2,0.0,0,124,169,False
1789802854,1,15.2,0,5,5,True
1789802854,2,0.0,0,125,170,False
1789802859,1,15.2,0,5,5,True
1789802859,2,0.0,0,125,170,False
1789802864,1,15.0,0,5,5,True
1789802864,2,0.0,0,126,171,False
1789802870,1,15.4,0,5,5,True
1789802870,2,0.0,0,126,172,True
1789802875,1,15.2,0,5,5,True
1789802875,2,0.0,0,127,172,False
1789802880,1,15.2,0,5,5,True
1789802880,2,0.0,0,127,173,False
1789802885,1,15.2,0,5,5,True
1789802885,2,0.0,0,127,173,False
1789802890,1,15.0,0,5,5,True
1789802890,2,0.0,0,127,174,False
1789802895,1,15.2,0,5,5,True
1789802895,2,0.0,0,127,174,False
1789802900,1,15.2,0,5,5,True
1789802900,2,0.0,0,128,175,False
1789802905,1,15.2,0,5,5,True
1789802905,2,0.0,0,128,175,False
1789802910,1,15.2,0,5,5,True
1789802910,2,0.0,0,128,176,False
1789802915,1,14.6,0,5,5,True
1789802915,2,0.0,0,128,177,True
1789802920,1,15.8,0,5,5,True
1789802920,2,0.0,0,129,177,False
1789802925,1,15.2,0,5,5,True
1789802925,2,0.0,0,130,178,False
1789802930,1,15.2,0,5,5,True
1789802930,2,0.0,0,130,178,False
1789802935,1,15.0,0,5,5,True
1789802935,2,0.0,0,131,179,False
1789802940,1,15.2,0,5,5,True
1789802940,2,0.0,0,131,179,False
1789802945,1,15.2,0,5,5,True
1789802945,2,0.0,0,132,180,False
1789802950,1,15.0,0,5,5,True
1789802950,2,0.0,0,132,180,False
1789802955,1,15.2,0,5,5,True
1789802955,2,0.0,0,132,181,False
1789802960,1,15.2,0,5,5,True
1789802960,2,0.0,0,133,182,False
1789802965,1,15.0,0,5,5,True
1789802965,2,0.0,0,133,182,False
1789802970,1,15.2,0,5,5,True
1789802970,2,0.0,0,133,183,False
1789802975,1,15.2,0,5,5,True
1789802975,2,0.0,0,133,183,False
1789802980,1,15.2,0,5,5,True
1789802980,2,0.0,0,134,184,False
1789802985,1,15.0,0,5,5,True
1789802985,2,0.0,0,134,184,False
1789802990,1,15.2,0,5,5,True
1789802990,2,0.0,0,134,185,False
1789802995,1,15.2,0,5,5,True
1789802995,2,0.0,0,135,186,False
1789803000,1,15.2,0,5,5,True
1789803000,2,0.0,0,135,186,False
1789803005,1,15.0,0,5,5,True
1789803005,2,0.0,0,136,187,False
1789803010,1,15.2,0,5,5,True
1789803010,2,0.0,0,136,187,False
1789803015,1,15.2,0,5,5,True
1789803015,2,0.0,0,136,188,False
1789803020,1,15.2,0,5,5,True
1789803020,2,0.0,0,136,189,True
1789803025,1,15.2,0,5,5,True
1789803025,2,0.0,0,137,189,False
1789803030,1,15.2,0,5,5,True
1789803030,2,0.0,0,137,190,True
1789803035,1,15.2,0,5,5,True
1789803035,2,24.2,0,137,190,True
1789803040,1,15.2,0,5,5,True
1789803040,2,26.0,0,137,190,True
1789803045,1,15.2,0,5,5,True
1789803045,2,24.0,0,137,190,True
1789803050,1,15.0,0,5,5,True
1789803050,2,25.4,0,137,190,True
1789803055,1,15.2,0,5,5,True
1789803055,2,25.8,0,137,190,True
1789803060,1,15.2,0,5,5,True
1789803060,2,25.6,0,137,190,True
1789803066,1,15.2,0,5,5,True
1789803066,2,25.8,0,137,190,True
1789803071,1,15.2,0,5,5,True
1789803071,2,26.2,0,137,190,True
1789803076,1,15.2,0,5,5,True
1789803076,2,25.8,0,137,190,True
1789803081,1,15.2,0,5,5,True
1789803081,2,26.0,0,137,190,True
1789803086,1,15.2,0,5,5,True
1789803086,2,25.8,0,137,190,True
1789803091,1,15.2,0,5,5,True
1789803091,2,25.8,0,137,190,True
1789803096,1,15.2,0,5,5,True
1789803096,2,26.0,0,137,190,True
1789803101,1,15.2,0,5,5,True
1789803101,2,26.0,0,137,190,True
1789803106,1,15.2,0,5,5,True
1789803106,2,26.0,0,137,190,True
1789803111,1,15.0,0,5,5,True
1789803111,2,25.8,0,137,190,True
1789803116,1,15.0,0,5,5,True
1789803116,2,25.4,0,137,190,True
1789803121,1,15.6,0,5,5,True
1789803121,2,26.4,0,137,190,True
1789803126,1,15.2,0,5,5,True
1789803126,2,25.8,0,137,190,True
1789803131,1,15.2,0,5,5,True
1789803131,2,26.0,0,137,190,True
1789803136,1,15.2,0,5,5,True
1789803136,2,25.4,0,137,190,True
1789803141,1,15.2,0,5,5,True
1789803141,2,25.6,0,137,190,True
1789803146,1,15.2,0,5,5,True
1789803146,2,25.4,0,137,190,True
1789803151,1,15.2,0,5,5,True
1789803151,2,25.6,0,137,190,True
1789803156,1,15.2,0,5,5,True
1789803156,2,26.0,0,137,190,True
1789803161,1,15.0,0,5,5,True
1789803161,2,25.8,0,137,190,True
1789803166,1,15.2,0,5,5,True
1789803166,2,26.2,0,137,190,True
1789803171,1,15.4,0,5,5,True
1789803171,2,25.8,0,137,190,True
1789803176,1,15.0,0,5,5,True
1789803176,2,26.0,0,137,190,True
1789803181,1,15.0,0,5,5,True
1789803181,2,24.8,0,137,190,True
1789803186,1,15.2,0,5,5,True
1789803186,2,26.2,0,137,190,True
1789803191,1,15.2,0,5,5,True
1789803191,2,26.0,0,137,190,True
1789803197,1,15.2,0,5,5,True
1789803197,2,25.8,0,137,190,True
1789803202,1,15.2,0,5,5,True
1789803202,2,25.8,0,137,190,True
1789803207,1,14.6,0,5,5,True
1789803207,2,25.4,0,137,190,True
1789803212,1,15.8,0,5,5,True
1789803212,2,26.0,0,137,190,True
1789803217,1,15.2,0,5,5,True
1789803217,2,26.0,0,137,190,True
1789803222,1,15.0,0,5,5,True
1789803222,2,25.4,0,137,190,True
1789803227,1,15.4,0,5,5,True
1789803227,2,26.0,0,137,190,True
1789803232,1,15.0,0,5,5,True
1789803232,2,25.8,0,137,190,True
1789803237,1,15.2,0,5,5,True
1789803237,2,25.8,0,137,190,True
1789803242,1,15.0,0,5,5,True
1789803242,2,25.8,0,137,190,True
1789803247,1,15.2,0,5,5,True
1789803247,2,25.8,0,137,190,True
